,Suburb,ARIMA Orders,MAPE
0,East Boston,"(1, 1, 0)",27.499170721920983
1,Jamaica Plain,"(1, 0, 0)",17.815625602279166
2,West End,"(1, 1, 0)",20.5487981757037
3,Brighton,"(1, 0, 0)",14.656603812152849
4,West Roxbury,"(1, 1, 1)",21.86609440496975
5,North End,"(1, 0, 0)",25.0516679127306
